{"ROUGE-1_P": 0.3320987786808813, "ROUGE-1_R": 0.5779525879758943, "ROUGE-1_F": 0.4089117821311284, "ROUGE-2_P": 0.15321886205400734, "ROUGE-2_R": 0.2666168795415875, "ROUGE-2_F": 0.1888729887053326, "ROUGE-L_P": 0.20327470139739448, "ROUGE-L_R": 0.3588361693636231, "ROUGE-L_F": 0.25140035372798447}