{"ROUGE-1_P": 0.4853268046135241, "ROUGE-1_R": 0.4927340930639039, "ROUGE-1_F": 0.4754696007783605, "ROUGE-2_P": 0.2630245436772075, "ROUGE-2_R": 0.264731267355829, "ROUGE-2_F": 0.25684872215491733, "ROUGE-L_P": 0.3674771941128004, "ROUGE-L_R": 0.37682972319889424, "ROUGE-L_F": 0.3616399905082301}