{"ROUGE-1_P": 0.3088911205390776, "ROUGE-1_R": 0.5100830068612289, "ROUGE-1_F": 0.3730337425849895, "ROUGE-2_P": 0.13197176145981734, "ROUGE-2_R": 0.2175330352436483, "ROUGE-2_F": 0.15936983419285655, "ROUGE-L_P": 0.193195807303752, "ROUGE-L_R": 0.3244685163548617, "ROUGE-L_F": 0.2344690820373655}