{"ROUGE-1_P": 0.4053816342120112, "ROUGE-1_R": 0.5443884844035728, "ROUGE-1_F": 0.4555758162211823, "ROUGE-2_P": 0.20846083818106975, "ROUGE-2_R": 0.2767636017538411, "ROUGE-2_F": 0.23318644225238647, "ROUGE-L_P": 0.2903725760113563, "ROUGE-L_R": 0.3923646082107822, "ROUGE-L_F": 0.32704687048847936}