{"ROUGE-1_P": 0.3791082057211928, "ROUGE-1_R": 0.6189069369109715, "ROUGE-1_F": 0.45447142916304895, "ROUGE-2_P": 0.19668108718272306, "ROUGE-2_R": 0.31939624210275896, "ROUGE-2_F": 0.2346855259227322, "ROUGE-L_P": 0.22657399754305838, "ROUGE-L_R": 0.3679161694127777, "ROUGE-L_F": 0.2704191402995519}