{"ROUGE-1_P": 0.43486328617800235, "ROUGE-1_R": 0.5517142354120013, "ROUGE-1_F": 0.475279016849652, "ROUGE-2_P": 0.22910393325643, "ROUGE-2_R": 0.28788311400085426, "ROUGE-2_F": 0.24915044354629035, "ROUGE-L_P": 0.31600753358279143, "ROUGE-L_R": 0.40315956739208697, "ROUGE-L_F": 0.34584180247896606}