{"ROUGE-1_P": 0.4131747524461588, "ROUGE-1_R": 0.541642264344958, "ROUGE-1_F": 0.4587570301267734, "ROUGE-2_P": 0.2098615724351627, "ROUGE-2_R": 0.27384199348014643, "ROUGE-2_F": 0.23270862129764125, "ROUGE-L_P": 0.29447355123904007, "ROUGE-L_R": 0.3895178566178399, "ROUGE-L_F": 0.3278417399014214}