{"ROUGE-1_P": 0.44784998257341174, "ROUGE-1_R": 0.5214564244769415, "ROUGE-1_F": 0.47134563550690506, "ROUGE-2_P": 0.24501698901900065, "ROUGE-2_R": 0.28378443412832144, "ROUGE-2_F": 0.25751071751706417, "ROUGE-L_P": 0.33671433783418064, "ROUGE-L_R": 0.3943101555248304, "ROUGE-L_F": 0.35542960392454903}