{"ROUGE-1_P": 0.4650250356330234, "ROUGE-1_R": 0.499830057284695, "ROUGE-1_F": 0.46853604266651794, "ROUGE-2_P": 0.24943837952432987, "ROUGE-2_R": 0.26527378378011535, "ROUGE-2_F": 0.2504790645681233, "ROUGE-L_P": 0.3476681057652104, "ROUGE-L_R": 0.377066972689093, "ROUGE-L_F": 0.351534891543086}