{"ROUGE-1_P": 0.23161703609985707, "ROUGE-1_R": 0.25454268312222206, "ROUGE-1_F": 0.23246299499065964, "ROUGE-2_P": 0.05623302394098832, "ROUGE-2_R": 0.061211496495541494, "ROUGE-2_F": 0.05585763596604341, "ROUGE-L_P": 0.173950088144192, "ROUGE-L_R": 0.1904905710903542, "ROUGE-L_F": 0.17411145385944046}