{"ROUGE-1_P": 0.5331266100635925, "ROUGE-1_R": 0.4687456529119882, "ROUGE-1_F": 0.49137601240761025, "ROUGE-2_P": 0.2820127156377667, "ROUGE-2_R": 0.2453441862227286, "ROUGE-2_F": 0.2577811876949132, "ROUGE-L_P": 0.4468907838438413, "ROUGE-L_R": 0.3927788974851588, "ROUGE-L_F": 0.4116400304701619}