{"ROUGE-1_P": 0.53922404394622, "ROUGE-1_R": 0.4850210151605783, "ROUGE-1_F": 0.5032017425210279, "ROUGE-2_P": 0.28469165493683957, "ROUGE-2_R": 0.25268241418484694, "ROUGE-2_F": 0.2635049313120339, "ROUGE-L_P": 0.43787057001140256, "ROUGE-L_R": 0.39353299778292744, "ROUGE-L_F": 0.40835242752550027}