,LexRank,ROUGE,BERTScore,SimCSE,PMI,GPT-3.5,CrossAttn,PPL
LexRank,1.0,0.1912613444884657,0.18604971117405797,0.26034684295990895,0.1569461333920955,0.03075478056291351,-0.034699472450985404,0.06647344133107007
ROUGE,0.1912613444884657,1.0,0.620526730144207,0.5326276000381763,0.38811611963852366,0.23780699862850868,0.09573248523681058,0.279230667055072
BERTScore,0.18604971117405797,0.620526730144207,1.0,0.5169178226198007,0.5027015301474161,0.2429322896354411,-0.027838986744164542,0.2631114215959053
SimCSE,0.26034684295990895,0.5326276000381763,0.5169178226198007,1.0,0.3949713498732647,0.3408044613412938,0.0633594087749957,0.26280555136084394
PMI,0.1569461333920955,0.38811611963852366,0.5027015301474161,0.3949713498732647,1.0,0.20217563356924173,-0.1009237890783314,0.1965616748404863
GPT-3.5,0.03075478056291351,0.23780699862850868,0.2429322896354411,0.3408044613412938,0.20217563356924173,1.0,0.0622221149577719,0.208667706630032
CrossAttn,-0.034699472450985404,0.09573248523681058,-0.027838986744164542,0.0633594087749957,-0.1009237890783314,0.0622221149577719,1.0,0.05267365937769485
PPL,0.06647344133107007,0.279230667055072,0.2631114215959053,0.26280555136084394,0.1965616748404863,0.208667706630032,0.05267365937769485,1.0
