{"ROUGE-1_P": 0.23258983901412622, "ROUGE-1_R": 0.2559432433463117, "ROUGE-1_F": 0.23361350144671109, "ROUGE-2_P": 0.05747796636240133, "ROUGE-2_R": 0.06318875798837391, "ROUGE-2_F": 0.05738551984686847, "ROUGE-L_P": 0.17458137514174962, "ROUGE-L_R": 0.19142427790641395, "ROUGE-L_F": 0.1748655020096904}