{"ROUGE-1_P": 0.21982136915092487, "ROUGE-1_R": 0.22797797449263252, "ROUGE-1_F": 0.21538022816286034, "ROUGE-2_P": 0.04340654705923119, "ROUGE-2_R": 0.04334512638190976, "ROUGE-2_F": 0.04126017716277824, "ROUGE-L_P": 0.1639241890918649, "ROUGE-L_R": 0.16903168064376106, "ROUGE-L_F": 0.16005855693577295}