{"ROUGE-1_P": 0.5090620747190503, "ROUGE-1_R": 0.45238630755013265, "ROUGE-1_F": 0.47286194233220297, "ROUGE-2_P": 0.24703740879302863, "ROUGE-2_R": 0.2159513287196474, "ROUGE-2_F": 0.2272602881434137, "ROUGE-L_P": 0.4175125935467933, "ROUGE-L_R": 0.3717557501846926, "ROUGE-L_F": 0.38816861339894126}