{"ROUGE-1_P": 0.5339291589147201, "ROUGE-1_R": 0.4556945815956482, "ROUGE-1_F": 0.4836053099857868, "ROUGE-2_P": 0.285086984114164, "ROUGE-2_R": 0.23925462318230548, "ROUGE-2_F": 0.25621976594814144, "ROUGE-L_P": 0.44579373362881336, "ROUGE-L_R": 0.3812244828294745, "ROUGE-L_F": 0.4043796975025317}