{"ROUGE-1_P": 0.5984843970545932, "ROUGE-1_R": 0.4952441649827217, "ROUGE-1_F": 0.534007173012157, "ROUGE-2_P": 0.3441536463402284, "ROUGE-2_R": 0.28185545778363297, "ROUGE-2_F": 0.3048512604392192, "ROUGE-L_P": 0.5084384064887654, "ROUGE-L_R": 0.4212160399531096, "ROUGE-L_F": 0.45380846017833537}