{"ROUGE-1_P": 0.20409618942646046, "ROUGE-1_R": 0.20990716096528644, "ROUGE-1_F": 0.1984060101501355, "ROUGE-2_P": 0.032689468622379335, "ROUGE-2_R": 0.0325036567644977, "ROUGE-2_F": 0.030808560719258346, "ROUGE-L_P": 0.14946474275412314, "ROUGE-L_R": 0.1529568978736715, "ROUGE-L_F": 0.14464792838124824}