{"ROUGE-1_P": 0.5669976578424891, "ROUGE-1_R": 0.4677508682805334, "ROUGE-1_F": 0.5048538585466811, "ROUGE-2_P": 0.305349310848488, "ROUGE-2_R": 0.24740798305098727, "ROUGE-2_F": 0.2688823977355638, "ROUGE-L_P": 0.4818929705930202, "ROUGE-L_R": 0.39784487906582705, "ROUGE-L_F": 0.4293801959249311}