{"ROUGE-1_P": 0.20604537734697811, "ROUGE-1_R": 0.21266143993439918, "ROUGE-1_F": 0.20068057172009499, "ROUGE-2_P": 0.03323381591595263, "ROUGE-2_R": 0.033203936876542516, "ROUGE-2_F": 0.03141211952715152, "ROUGE-L_P": 0.1510051517784669, "ROUGE-L_R": 0.15536298851505623, "ROUGE-L_F": 0.1465004097307743}